channel_title,message_id,message_date,message,media_path,emoji_used,youtube_links
DoctorsET,864,2023-12-18 17:04:02,"рЅарЅђріЋ ріаріЋрІ┤ рЅЦрЅ╗ рІерѕџрЅБрѕѕрІЇ рІерЅбрІЮріљрѕх ріарѕЏріФрѕф  рЅа 10,000 рЅЦрѕГ рЅЦрЅ╗ рІерЅ░рїђрѕўрѕе рЅбрІЮріљрѕх ріЦрѕхріе рѕџрѕірІеріќрЅй рІФрІерїѕрІЇ рІерЇЋрѕФрїЇрѕЏ рібріЋрЅерѕхрЅхрѕўріЋрЅх рѕўрѕхрѕФрЅй рѕўрѕГрІх рЅЦрѕхрѕФрЅх  рЅЦрѕІріГ рѕЏрѕГрігрЅх рІІрїІ рѕЏріљрІЇ рѕџрЅ░рѕЮріљрІЇ ? рібрЅхрІ«рїхрІФ рІЇрѕхрїЦ рЅбрІЮріљрѕх рѕѕрѕўрїђрѕўрѕГ рїЦрѕЕ рѕ░ріарЅх ріљрІЇ рІѕрІГ ?? 3 рЅбрІЮріљрѕх рѕхріЋрїђрѕЮрѕГ рІерѕЮріЋрѕ░рѕФрІЇ рѕхрѕЁрЅ░рЅХрЅй ! ріарѕЂріЉріЉ рІГрѕўрѕЇріерЅ░рЅ▒",No image,­ЪЉѕ­ЪЉѕ­ЪЉЄ­ЪЉЄ,"https://youtu.be/5DBoEm-8kmA?si=LDLuEecNfULJVDzL, https://youtu.be/5DBoEm-8kmA?si=LDLuEecNfULJVDzL"
DoctorsET,863,2023-11-03 16:14:39,"рІХріГрЅ░рѕГрѕх рібрЅхрІ«рїхрІФ рЅа ріарІ▓рѕх ріарЅђрѕФрѕерЅЦ рЅа рЅ┤рѕїрЅфрІЦріЋ рЇЋрѕ«рїЇрѕФрѕЎріЋ рѕѕрѕўрїђрѕўрѕГ ріерЇІрЅ░ріЏ рІЮрїЇрїЁрЅх рЅарѕЏрІхрѕерїЇ рѕІрІГ рІГрїѕріЏрѕЇ рЇб рІЕрѕЃріЋрѕх рїЇрѕГрѕЏ рїєріњ ( рЅа рЅ▓ріГрЅХріГ ріе 500,000) рЅарѕІрІГ рЅ░ріерЅ│рІГ рІФрїѕріўрІЇ ріе ріарѕюрѕфріФ рІѕрІ░ рібрЅхрІ«рїхрІФ  рїѕріЋрІ│ рІЇрѕхрїЦ ріерѕўрЅ░ріЏрЅх ріЦрѕхріе ріерЇІрЅ░ріЏ рЅ░ріерЇІрІГ рЅарібрЅхрІ«рїхрІФ ( 1 take production ) рЅарѕўрЅБрѕЇ рІерѕџрЅ│рІѕрЅђрІЇ рІЕрѕЃріЋрѕх рїЇрѕГрѕЏ ( рїєріњ)  ріерІ▓рЇЋрѕгрѕйріЋ ріЦрѕхріе рЅ│рІІрЅѓріљрЅхріЋ рІФрЅ░рѕерЇѕрІЇ рїєріњ  ріарѕЂріЉріЉ рІГрѕўрѕЇріерЅ▒",No image,­ЪЉЄ,https://youtu.be/gwVN5eJQpko?si=xARsSxIEdZtE91GY
DoctorsET,862,2023-10-02 16:37:39,рѕърЅх рЅарѕхрі│рѕГ  рѕѕрѕЇрїєрЅ╗рЅйріЋ рІерѕЮріЊрѕ▓рІўрІЇ рѕЮрѕ│рЅЃ рѕ│ріЊрЅђрІЇ ріЦрІхрѕџрІФрЅИрІЇріЋ рІГрЅђріЋрѕ░рІЇ рІГрѕєріЋ  рІерЅ│рѕИрїѕ рЅхріГріГрѕѕріЏ рїЂрѕх рібрЅхрІ«рїхрІФ рІЇрѕхрїЦ рІерѕѕрѕЮ...! рѕЂрѕЅрѕЮ рІѕрѕІрїЁ рѕірІФрІерІЇ рІерѕџрїѕрЅБ рІерЅ│рѕИрїЅ рїЂрѕХрЅй рѕўрїарїБрЅх ріЦрѕФрѕхріЋ рѕѕріерЇЇрЅ░ріЏ рїЅрІ│рЅх ріЦрѕхріе рѕърЅх рІхрѕерѕх рѕЏрїІрѕѕрїЦ ріљрІЇ ! рѕѕрѕЂрѕЅрѕЮ рібрі«ріќрѕџ рїцріЊріЋрѕЮ рІерѕџрїарЅЦрЅЁ ріарѕўрїІрїѕрЅЦ рІерЅ▒ ріљрІЇ??,No image,No emoji,https://youtu.be/oHiSRrNF7I0?si=Absgm414YSt_kjNq
DoctorsET,861,2023-09-16 07:54:32,ріе HIV рІерЅ░рЇѕрІѕрѕ░ рѕ░рІЇ ріарїІрїЦрѕЪрЅйрѕЂ рІФрЅЃрѕЇ ? рЇѕрІЇрѕх ріЦріЊ рѕЁріГрѕЮріЊ ? рѕЎрѕЅ рЅфрІ▓рІ«рІЇріЋ рЅ░рѕўрѕЇріГрЅ░рІЇ рѕЃрѕ│рЅЦ ріарѕхрЅ░рІФрІерЅХріЋ рІФріФрЇЇрѕЅріЋ,No image,­ЪЉЄ­ЪЉЄ­ЪЉЄ­ЪЉЄ,https://youtu.be/tTeErZxIh_Q?si=jKHyfWcC3sfXbC8L
DoctorsET,860,2023-09-01 16:16:15,рЅарЅЁрѕГрЅЦ рїірІю рЅарѕЃрїѕрѕФрЅйріЋ рѕІрІГ ріЦрІерЅ░рѕхрЅ░рІІрѕѕ рІФрѕѕ рІерЅ░рѕўрѕ│рѕ│рІГ рЇєрЅ│ ( Homosexuality ) рїЇрЅЦрѕе рѕ░рІХрѕЮ рЅарЅ░рѕѕрІФрІЕ рЅдрЅ│рІјрЅй рѕІрІГ ріЦрІерЅ│рІе рІГрїѕріЏрѕЇ рІГрѕЁрѕЮ ріарїЦрЅЦрЅђріЋ рѕЮріЋрЅЃрІѕрѕўрІЇ рїЅрІ│рІГ рѕ▓рѕєріЋ  - рІГрѕЁ рЅйрїЇрѕГ рЅарѕЁрѕЮріЊ рІГрѕѕрІФрѕЇ рІѕрІГ ? - рЅЁрІхрѕў рѕЮрѕЇріГрЅх ріарѕѕрІЇ рІѕрІГ ? рІѕрѕІрїєрЅй рѕЇрїєрЅ╗рЅйрѕЂріЋ ріЦріЋрІ┤рЅх рѕўрїарЅарЅЁ рЅхрЅйрѕІрѕѕрЅ╣ рѕЁріГрѕЮріЊрѕх ріарѕѕрІЇ рІѕрІГ ?? рЅарѕЮріЋрѕўрїѕрЅарІЇ рѕЮрїЇрЅЦ рѕірЅђрІГрѕЕрІеріЋ рІГрЅйрѕІрѕЅ рІѕрІГ ?  ріарѕЂріЉріЉ рїѕрЅЦрЅ░рІЇ рѕЎрѕЅ рЅфрІ▓рІ«рІЇріЋ рІГрѕўрѕЇріерЅ▒ !,No image,No emoji,https://youtu.be/0k65P5ouw7s?si=qaUgo75bUa3AMQxD
DoctorsET,859,2023-08-29 17:20:05,** рІХріГрЅ░рѕГрѕх рібрЅхрІ«рїйрІФ рЅаріарІ▓рѕх рЇЋрѕ«рїѕрѕФрѕЮ рїђрѕўрѕе** рѕЏрѕерїЦ  (**рѕюріќрЇќрІЮ ) рїІрѕГ рЅ░рІФрІГрІъ рІерѕџрѕўрїБ рѕ┤рЅХрЅй рѕІрІГ рІерѕџріерѕ░рЅх рІерїцріЊ рЅйрїЇрѕ«рЅй** **рѕ┤рЅХрЅй рѕІрІГ рІерѕџріерѕ░рЅх рІе рїЇрЅЦрѕерѕхрїІ рїЇріЋріЎріљрЅх рѕхрѕюрЅх рѕўрЅђріљрѕх ?** **рІерѕ┤рЅХрЅй рІерІѕрѕГ ріарЅарЅБ рїЇрІю ріЦріЊ рѕїрѕјрЅйрѕЮ рїЅрІ│рІ«рЅй рЅ░ріљрѕхрЅ░рІІрѕЇ ріарѕЂріЉріЉ рІГрѕўрѕЇріерЅ▒ !! ** **ріе рЅ┤рѕїрЅфрІЦріЋ рЇЋрѕ«рїЇрѕФрѕърЅ╗рЅйріЋ рЅарЅ░рїерѕЏрѕф ріарІ▓рѕх рЅарѕЇрІЕ ріарЅђрѕФрѕерЅЦ рІГрЅарѕЇрїЦ рІеріЊріЋрЅ░ріЋ рІерЅ░рѕўрѕЇріФрЅй рїЦрІФрЅё рѕѕрѕўрѕўрѕѕрѕх ** рІГрѕЁріЋ рІерѕўрѕ░рѕѕ рЇЋрѕ«рїЇрѕФрѕЮ рІГрІўріЋ рѕўрЅ░ріЊрѕЇ  рІерїцріЊ рїЦрІФрЅёрІјріЋ рѕѕрѕўрѕІріГ @doctorsEt,No image,­ЪЉЄ­ЪЉЄ­ЪЉЄ­ЪЉЄ­ЪЉЄ­ЪЉЄ,"https://youtu.be/-AR1KO2DbFw?si=47cXLZtlmhx1Nlqc, https://youtu.be/-AR1KO2DbFw?si=47cXLZtlmhx1Nlqc"
DoctorsET,848,2022-08-02 17:42:08,ріГрѕерѕЮрЅ▒ріЋ рѕхрЇќрѕГрЅх рѕўрѕхрѕФрЅх ріарѕхрЅарІЇ рїѓрѕЮ рѕѕрѕўрїЇрЅБрЅх ріФрѕЇрЅ╗рѕЅ рЅБрѕЅрЅарЅх рЅдрЅ│ рѕєріљрІЇ ріЦріљрІџрѕЁріЋ ріЦріЋрЅЁрѕхрЅЃрѕ┤рІјрЅй рЅарѕЏрІхрѕерїЇ рЅа ріарїГрѕГ рїЇрІю рІЇрѕхрїЦ рѕѕрІЇрїЦ рѕЏрѕЮрїБрЅх рІГрЅйрѕІрѕЅ  ріЦрЅцрЅхрІј рѕєріљрІЇ рїарІјрЅх рІѕрІГріЋрѕЮ рѕЏрЅ│ рѕІрІГ рЅа 5 рІ░рЅЃрЅЃ рІЇрѕхрїЦ рЅЦрЅ╗  - рІерїјріЋ рЅдрѕГрїГ(рѕхрЅЦ) рѕѕрѕЏрїЦрЇІрЅх  - рЅђріЋрІјріЋ рЅаріЋрЅЃрЅх рѕѕрѕўрїђрѕўрѕГ  ріЦріљрІџрѕЁріЋ ріЦріЋрЅЁрѕхрЅЃрѕ┤рІјрЅй рІФрІхрѕГрїЅ  рѕѕрѕЂрѕЅрѕЮ ріЦрІхрѕю ріГрѕЇрѕЇ рІерѕџрѕєріЋ ріЦріЋрЅЁрѕхрЅЃрѕ┤ рѕхрѕѕрѕєріљ ріе рЅцрЅ░рѕ░рЅд рїІрѕГ рѕўрѕхрѕФрЅх рІГрЅйрѕІрѕЅ !! рѕіріЋріЕріЋ рЅарѕўрїФріЋ рІГрѕўрѕЇріерЅ▒ / рІХріГрЅ░рѕГрѕх рібрЅхрІ«рїхрІФ,No image,­ЪЉЄ­ЪЉЄ­ЪЉЄ­ЪЉЄ­ЪЉЄ,https://youtu.be/0uiTzjEbh90
DoctorsET,847,2022-06-12 17:15:47,рѕхрЇќрѕГрЅх рІерѕўрѕхрѕФрЅх рѕ▒рѕх рІГріќрѕГ рІГрѕєріЋ? рЅаріарѕЂріЉ рІѕрЅЁрЅх рЅЦрІЎ рІерѕхрЇќрѕГрЅх рѕўрѕхрѕфрІФ рЅдрЅ│рІјрЅй рЅ░рїеріЊріЋрЅђрІЇ рІГрЅ│рІФрѕЇ рѕхрЇќрѕГрЅх рѕўрѕхрѕФрЅх рѕѕрїцріЊ рїарЅЃрѕџ рЅбрѕєріЋрѕЮ ріЦріЋрІ│ріЋрІх рїЇрІю рїЇріЋ ріерІЏ рЅарѕІрІГрѕЮ ріарѕЇрЇј рѕхрЇќрѕГрЅх ріФрѕЇрѕ░рѕФрІЇ рІ▓рЇЋрѕгрѕйріЋ рІЇрѕхрїЦ рїѕрЅБрѕѕрІЇ / рѕ░рІЇріљрЅ┤ рІГрЅарѕІрѕ╗рѕЇ рІерѕџрѕЅ рѕ░рІјрЅйрѕЮ ріарѕЅ! рѕ▒рѕх рѕЏрѕѕрЅх рѕФрѕхріЋ рѕѕ рѕєріљ ріљрїѕрѕГ рЅ░рїѕрІб рѕЏрІхрѕерїЇ ріљрІЇ!     рѕхрѕѕрІџрѕЁ рѕхрЇќрѕГрЅх рѕўрѕхрѕФрЅх ріЦрІЇріљрЅх рѕ▒рѕх рІГрѕєріЋ?  рѕЎрѕЅ рЅфрІ▓рІ«рІЇріЋ рЅа рІ«рЅ▓рІЇрЅЦ рІГрѕўрѕЇріерЅ▒   рѕхрЇќрѕГрЅх рЅцрЅх (рїѓрѕЮ) рѕѕрѕџрІФрЅарІЎ рѕЂрѕЅ рѕ╝рѕГ рІФрІхрѕГрїЅ!,No image,­ЪЉЄ­ЪЉЄ­ЪЉЄ­ЪЉЄ­ЪЉЄ­ЪЉЄ,https://youtu.be/WPlRuRtQXN8
DoctorsET,846,2022-05-31 17:51:13,рІхріЋрїѕрЅ░ріЏ ріарІ░рїІ / рІеріарїЦріЋрЅх рѕхрЅЦрѕФрЅх ріарІФрѕГрїѕрІЇріЊ рІхріЋрїѕрЅ░ріЏ рІерѕєріљ ріарІ░рїІ рЅбрІ░рѕГрѕхрЅд рѕЮріЋ рѕЏрІхрѕерїЇ ріЦріЋрІ│рѕѕрЅд рІФрЅЃрѕЅ? рЅарѕЃрїѕрѕФрЅйріЋ рІерѕўріфріЊ ріарІ░рїІ рЅа ріерЇЇрЅ░ріЏ рІ░рѕерїЃ ріарІерїерѕўрѕе ріЦріЊ рІерЅЦрІЎ рѕ░рІјрЅйріЋ рѕѓрІѕрЅх ріЦрІерЅђрїарЇѕрѕЮ рІГрїѕріЏрѕЇ рЇб рЅарѕЃрїѕрѕФрЅйріЋ рІФрѕѕрІЇрѕЮ рІѕрЅЁрЅ│рІі рѕЂріћрЅ│рѕЮ рїдрѕГріљрЅХрЅй рЅЦрІЎ рѕ░рІјрЅйріЋ рѕѕ рІхріЋрїѕрЅ░ріЏ рІерѕєріљ ріарІ░рїІрІјрЅй : рѕхрЅЦрѕФрЅХрЅй рІФрїІрѕЇрїБрѕЇрЇб рІХ/рѕГ рЅЃрѕЇрЅѓрІ│ріЋ (ріарїЦріЋрЅх рѕхрЇћрѕ╗рѕірѕхрЅх рѕЃріфрѕЮ) рѕхрѕѕ рІхріЋрїѕрЅ░ріЏ ріарІ░рїІ ріЦріЊ рѕхрЅЦрѕФрЅХрЅй ріарЅЦрѕФрѕГрЅХрѕЇріЊрѕЇ ріЦрѕГрѕХрѕЮ рІГрѕЁ рЅйрїЇрѕГ рЅбрІ░рѕГрѕхрЅд рѕЏрІхрѕерїЇ рІФрѕѕрЅдрЅхріЋ ріљрїѕрѕГ рЅђрІхрѕўрІЇ рІГрІѕрЅЂ  **рІХріГрЅ░рѕГрѕх рібрЅхрІ«рїхрІФ рЅа ріарІ│рІ▓рѕх рЇЋрѕ«рїЇрѕФрѕърЅйріЊ рІеріЊріЋрЅ░ріЋ рїЦрІФрЅёрІјрЅй рЅарѕХрѕ╗рѕЇ рѕџрІ▓рІФ рѕўрѕЇрѕх рІерѕџрІФрїѕріЎрЅарЅхріЋ рѕўріЋрїѕрІх ріЦрІФрѕхрЅ░ріФріерѕЇріЋ рѕ▓рѕєріЋ ріе рЅхріЋрѕй рІе ріЦрѕерЇЇрЅх рїЇрІюрІФрЅх рЅаріІрѕІ рЅа рЅ┤рѕїрЅфрІЦріЋ рЇЋрѕ«рїЇрѕЏрЅйріЋ рЅа рЇІріЊ рЅ┤рѕїрЅфрІЦріЋ рІФрїѕріЎріЊрѕЇ** ріерЅ│рЅй рІФрѕѕрІЇріЋ рЅарѕўрїФріЋ рІГрѕўрѕЇріерЅ▒!,No image,­ЪЉЄ­ЪЉЄ­ЪЉЄ­ЪЉЄ­ЪЉЄ­ЪЉЄ­ЪЉЄ,https://youtu.be/QI-8oqW80uI
DoctorsET,845,2022-05-20 18:04:53,ріерЅхріЋрѕй рїЇрІџрІФрЅх рЅарЇірЅх рѕхрЇќрѕГрЅх рѕўрѕхрѕФрЅх ріЦріЋрІ░ рЅЁріЋрїдрЅх рІГрЅ│рІГ ріљрЅарѕГ ріарѕЂріЋ рѕІрІГ рїЇріЋ рЅа рѕхрЇќрѕГрЅх рѕўрѕхрѕФрІФ рЅдрЅ│рІјрЅй рѕІрІГ рЅЦрІЎрІјрЅй рѕ▓рѕ░рѕЕ рІГрЅ│рІФрѕЇ рІГрѕЁріЋріЋрѕЮ рЅ░ріерЅхрѕј рѕхрЇќрѕГрЅх рѕЏрІѕрЅЁ рІФрѕѕрЅЦріЋ рЅарїБрѕЮ ріарѕхрЇѕрѕІрїі ріљрїѕрѕГ ріарѕѕ! рЅЦрІЎ рѕ░рІЇ ріаріЋрІх ріарѕўрЅх рІФрѕЁрѕЇ рѕ░рѕГрЅ╗рѕѕрІЇ рѕѕрІЇрїЦ рѕЮріЋрѕЮ рІерѕѕріЮрѕЮ ! рѕхрЇќрѕГрЅх рїЦрЅЁрѕЮ рІерѕѕрІЇрѕЮ рІГрѕІрѕЇ ріЦріЏ рѕЮріЋ рѕўрѕхрѕФрЅх ріЦріЋрІ│рѕѕрЅдрЅх рѕџрѕхрїЦрѕЕріЋ ріЦріЋріЋрїѕрѕ«рЅх!   ріерІџ рЅаріІрѕІ рїірІюрІјріЋ рѕ│рІФрЅБріГріЉ рЅаріарїГрѕГ рїЇрІю рІЇрѕхрїЦ  рѕѕрІЇрїдріЋ рІФрІФрѕЅрЇб рЅарІџрѕЁ рІ«рЅ▓рІЇрЅЦ рЅфрІ▓рІ« рѕІрІГ  рѕЮріЋ рѕўрѕхрѕФрЅх ріЦріЋрІ│рѕѕрЅдрЅх рѕѕ рїђрѕЏрѕф ріЦріЋрІ▓рѕЂрѕЮ рЅарѕўрѕхрѕФрЅх рѕІрІГ рѕІрѕІрЅ╣  ріарїГрѕГ рЅфрІ▓рІ« рІГрѕўрѕЇріерЅ▒,No image,­ЪЉЄ­ЪЉЄ­ЪЉЄ­ЪЉЄ­ЪЉЄ­ЪЉЄ,https://youtu.be/_IEWt07bECg
CheMed123,97,2023-02-10 12:23:06,"№ИЈ**Notice! **Dear esteemed customers, Due to four-day motorbike movement restrictions, we have limited our services to matchmaking,drug information, and medical consultation only. **N.B.  **We will make deliveries for those for whom the medications are urgent. You can book deliveries starting from Monday, February 13, 2023",../docs/images\photo_2025-02-05_00-12-05.jpg,Рџа­ЪћЁ­ЪћЁ,No YouTube link
CheMed123,96,2023-02-02 08:58:52,Mela-One рЅарІЇрѕхрїА рѕєрѕГрѕъріЋ рІФрѕѕрІЇ рІхріЋрїѕрЅ░ріЏ рІѕрѕірІх рѕўрЅєрїБрїарѕГрІФ рѕ▓рѕєріЋ рІФрѕѕрѕўріерѕІріерІФ рІерЅ░рІ░рѕерїѕ рІерїЇрЅЦрѕерѕхрїІ рїЇріЋріЎріљрЅх рѕ▓ріќрѕГ рЅа72 рѕ░рІЊрЅ│рЅх рІѕрѕхрїЦ рѕўрІѕрѕ░рІх рІГріќрѕГрЅарЅ│рѕЇрЇб ріеChe-Med рѕѕрѕЏрІўрІЮрЇА  рЅарЅ┤рѕїрїЇрѕФрѕЮ рїЇрѕЕрЇЊрЅйріЋ- t.me/CheMeds рІїрЅЦрѕ│рІГрЅх- www.chemeds.org рІГрІўрІЎріЋрЇб,../docs/images\photo_2025-02-05_00-12-05 (1).jpg,­ЪЊї,No YouTube link
CheMed123,95,2023-02-01 08:59:37,**ріарІџрЅхрѕ«рѕЏрІГрѕ▓ріЋ** рЅарѕЃріфрѕЮ рѕўрІхрѕЃріњрЅх рѕЏрІўрІБ ріерѕџрЅ│рІўрІЎ ріаріЋрЅ▓рЅБрІ«рЅ▓рі«рЅй ріаріЋрІ▒ рѕ▓рѕєріЋ рЅарѕГріерЅх рІФрѕЅ рЅБріГрЅ┤рѕГрІФрІјрЅйріЋ рІГрїѕрѕІрѕЇрЇб рЅарЅђріЋ ріаріЋрІ┤ рѕѕ3 рЅђріЊрЅх рѕЮрїЇрЅЦ ріерѕўрЅЦрѕІрЅ│рЅйріЋ 1 рѕ░рІЊрЅх рЅђрІ░рѕЮ рЅЦрѕј рІѕрІГріЋрѕЮ ріерЅарѕІріЋ ріе 2 рѕ░рІЊрЅх рЅаріІрѕІ рѕўрІѕрѕ░рІх рІГріќрѕГрЅарЅ│рѕЇрЇб рІерѕЃріфрѕЮ рѕЏрІўрІБ ріФрѕЇрІјрЅх  рЅарЅ┤рѕїрїЇрѕФрѕЮ рїЇрѕЕрЇЊрЅйріЋ-t.me/CheMeds рІїрЅЦрѕ│рІГрЅх- www.chemeds.org рІГрѕІріЕрѕЇріЋрЇб,../docs/images\photo_2025-02-05_00-12-06.jpg,­ЪЊї,No YouTube link
CheMed123,94,2023-01-31 09:19:53,**Che-Med Trivia #3 **рѕЮрїЇрЅЦріЊ рѕўрїарїдрЅй ріаріЋрІ│ріЋрІх рѕўрІхрѕЃріњрЅХрЅй рЅарІ░ріЋрЅЦ ріЦріЋрІ│рІГрѕ░рѕЕ рѕірІФрІ░рѕГрїЅ рІГрЅйрѕІрѕЅрЇб рЅарІџрѕЁ рѕЂріћрЅ│ ріЦріљрІџрѕЁріЋ рѕўрІхрѕЃріњрЅХрЅй рѕЮрїЇрЅЦ ріерІѕрѕ░рІхріЋ ріе1 рѕ░рІЊрЅх ріЦрѕхріе 2 рѕ░рІЊрЅх рЅБрѕѕ рїірІю рІЇрѕхрїЦ рѕўрІЇрѕ░рІх рІФрѕхрЇѕрѕЇрїЇрІјрЅ│рѕЇрЇб ріеріљрІџрѕЁрѕЮ рІѕрѕхрїЦ **рІеріЦріЋрЅЁрѕГрЅх рѕўрІхрѕЃріњрЅХрЅйрЇБOmeprazoleрЇБSildenafil(Viagra)рЇБCaptopril ріЦріЊ Ampicillin** рІГрїарЅђрѕ│рѕЅрЇб рѕўрІхрѕЃріњрЅхрІј ріерѕЮрїЇрЅЦ рїІрѕГ рІФрѕѕрІЇріЋ ріарІѕрѕ│рѕ░рІх ріЦрѕГрїЇрїаріЏ ріФрѕЇрѕєріЉ рѕЃріфрѕЮрІјріЋ рІѕрІГрѕЮ рЇІрѕГрѕЏрѕ▓рѕхрЅхрІјріЋ рІФрѕЏріГрѕЕрЇб,../docs/images\photo_2025-02-05_00-12-06 (1).jpg,No emoji,No YouTube link
CheMed123,93,2023-01-30 09:45:25,"**Che-Med Trivia #2 **ріЦріЋрІ░ Ciprofloxacin, Doxycycline, Levothyroxine, Iron supplement рІФрѕЅ рѕўрІхрѕЃріњрЅХрЅйріЋ ріерІѕрЅ░рЅх ріЦріЊ ріерІѕрЅ░рЅх рЅ░рІІрЇЁрІќрІјрЅй рїІрѕГ ріЦріЋрІ▓рѕЂрѕЮ ріеріЦріЋрЅЂрѕІрѕЇ рїІрѕГ рѕўрІЇрѕ░рІх рѕўрІхрѕЃріњрЅХрЅ╣ рЅарѕ░рІЇріљрЅ│рЅйріЋ рІерѕџрЇѕрѕѕрїѕрІЇріЋ рѕхрѕФ ріЦріЋрІ│рІГрѕ░рѕЕ рІФрІ░рѕГрїІрЅИрІІрѕЇрЇб рІГрѕЁрѕЮ рЅарІѕрЅ░рЅх рЅ░рІІрїйрідрІјрЅй рІЇрѕхрїЦ рІФрѕѕрІЇ ріФрѕЇрѕ▓рІерѕЮ ріЦріљрІџрѕЁ рѕўрІхрѕЃріњрЅХрЅй рЅарѕ░рІЇрЅ│рЅйріЋ рІѕрѕхрїЦ ріЦріЋрІ│рІГрІІрѕЁрІ▒ рїБрѕЇрЅЃ рѕхрѕѕрѕџрїѕрЅБ ріљрІЇрЇб",../docs/images\photo_2025-02-05_00-12-06 (2).jpg,No emoji,No YouTube link
CheMed123,92,2023-01-27 07:18:40,**You can get our services at: **Our pharmacist:** ****https://t.me/CheMedAssistant9798**** **Our call center: **9798 **Our website: **www.chemeds.org**,../docs/images\photo_2025-02-05_00-12-07.jpg,No emoji,No YouTube link
CheMed123,91,2023-01-26 18:27:53,"**Che-Med Trivia #1 **The U.S. pharmaceutical industry is the largest in the world, making up about 40% of the worldwide drug development, manufacturing, and revenue generation. And half of the worldРђЎs top 10 pharmaceutical companies are in America, including the headquarters for Johnson & Johnson, Pfizer, Merck and Co., AbbVie, Eli Lilly and Co., and Abbott Laboratories. In fact, Johnson & JohnsonРђЎs revenue alone reached $82.6 billion in 2020.",../docs/images\photo_2025-02-05_00-12-07 (1).jpg,No emoji,No YouTube link
CheMed123,90,2023-01-23 10:39:20,**CVS Daytime & Nighttime Cold and Flu Relief **рѕѕрѕ░рѕъріЉ рїЅріЋрЇІріЋ рѕЏрѕхрЅ│рїѕрѕ╗ рЅаріаріЋрІ░ріЮріљрЅх рЅ░рѕўрѕФрїГ рІерѕєріљрІЇріЋ **CVS Daytime & Nighttime Cold and Flu Relief** Che-Med рІГрІърѕІрЅйрѕЂ рѕўрїДрѕЇрЇб рЅарЅЂрїЦрѕГ рІЇрѕхріЋ рѕхрѕѕрѕєріЉ рЅђрІхрѕўрІЇ рІГрІўрІЎріЋрЇб рѕѕрѕЏрІўрІЮрЇд Our pharmacist:** ****https://t.me/CheMedAssistant9798**** **Our call center: **9798 **Our website: www.chemeds.org Che-Med is the best way to find your meds!,../docs/images\photo_2025-02-05_00-12-07 (2).jpg,No emoji,No YouTube link
CheMed123,89,2023-01-17 19:10:57,рѕѕріЊріЋрЅ░ рѕѕрІ░рѕЮрЅаріърЅ╗рЅйріЋ рІГрѕєріЊрѕЅ рІФрѕЇріЊрЅИрІЅріЋ рѕЮрѕГрїЦ рЅФрІГрЅ│рѕџріЋріЊ рѕ░рЇЋрѕЇрѕўріЋрЅХрЅй ріЦріљрѕє!! ріарїГрѕГ рІеTiktok рЅфрІ▓рІ«ріарЅйріЋріЋ рЅарѕўрѕўрѕЇріерЅх рїЇріЋрІЏрЅцрІјріЋ рІГрїерѕЮрѕЕрЇб  https://vm.tiktok.com/ZMYJHUVde/ рІеTiktok рЅ╗ріЊрѕІрЅйріЋріЋ Like ріЦріЊ Follow рІФрІхрѕГрїЅрЇб,No image,­ЪЪа­ЪЉЄ­ЪЉЄ­ЪЉЄ­ЪЉЄ­ЪЉЄ­ЪЉЄ­ЪЉЄ­ЪЉЄ­ЪЉЄ­ЪЉЄ­ЪЉЄ­ЪЉЄ­ЪЉЄ,No YouTube link
CheMed123,88,2023-01-17 08:43:12,**Sundown Cinnamon! Supports sugar metabolism**. Che-Med **Sundown Cinnamon** **Supplement Product** рІГрІърѕІрЅйрѕЂ рѕўрїДрѕЇрЇб рЅарЅЂрїЦрѕГ рІЇрѕхріЋ рѕхрѕѕрѕєріЉ рЅђрІхрѕўрІЇ рІГрІўрІЎріЋрЇб рѕѕрѕЏрІўрІЮрЇд Our pharmacist:** ****https://t.me/CheMedAssistant9798**** **Our call center: **9798 **Che-Med is the best way to find your meds!,../docs/images\photo_2025-02-05_00-12-08.jpg,­Ъїъ,No YouTube link
lobelia4cosmetics,15287,2025-02-04 14:02:20,JUNGLE OATS  Price 3000 birr  Telegram :-@Lobeliacosmetics Msg Lobelia pharmacy and cosmetics  №ИЈ call 0911562031/0911587703 Adress:- Infront of Bole Medhanialem high school  ALEMNESH PLAZA GROUND FLOOR  Open Monday - Monday from 8am until midnight ріерѕ░ріъ - ріЦрѕхріе рѕ░ріъ┬а ріерїДрЅ▒ 2:00 рѕхрІЊрЅх - ріЦрѕхріе рѕЮрѕйрЅ▒ 6:00 рѕ░рІЊрЅх  рІерЅхрѕФріЋрѕхрЇќрѕГрЅх ріарѕЏрѕФрїГ ріе70 - 500 рЅЦрѕГ For delivery option fees are from 70 birr -500 birr,../docs/images\photo_2025-02-05_00-12-10.jpg,­ЪЉЅРўј­ЪЈЇ­ЪЈЇ­ЪЈЇ,No YouTube link
lobelia4cosmetics,15285,2025-02-04 14:02:20,Nodules  Price 400 birr  Telegram :-@Lobeliacosmetics Msg Lobelia pharmacy and cosmetics  №ИЈ call 0911562031/0911587703 Adress:- Infront of Bole Medhanialem high school  ALEMNESH PLAZA GROUND FLOOR  Open Monday - Monday from 8am until midnight ріерѕ░ріъ - ріЦрѕхріе рѕ░ріъ┬а ріерїДрЅ▒ 2:00 рѕхрІЊрЅх - ріЦрѕхріе рѕЮрѕйрЅ▒ 6:00 рѕ░рІЊрЅх  рІерЅхрѕФріЋрѕхрЇќрѕГрЅх ріарѕЏрѕФрїГ ріе70 - 500 рЅЦрѕГ For delivery option fees are from 70 birr -500 birr,../docs/images\photo_2025-02-05_00-12-10 (1).jpg,­ЪЉЅРўј­ЪЈЇ­ЪЈЇ­ЪЈЇ,No YouTube link
lobelia4cosmetics,15284,2025-02-04 14:02:19,EUCERIN ANTI PIGMENT DUAL SERUM  Price 8000 birr  Telegram https://t.me/lobelia4cosmetics Msg Lobelia pharmacy and cosmetics  №ИЈ call 0911562031/0911587703 Adress:- Infront of Bole Medhanialem high school  Open Monday - Monday from 8am until midnight ріерѕ░ріъ - ріЦрѕхріе рѕ░ріъ┬а ріерїДрЅ▒ 2:00 рѕхрІЊрЅх - ріЦрѕхріе рѕЮрѕйрЅ▒ 6:00 рѕ░рІЊрЅх  рІерЅхрѕФріЋрѕхрЇќрѕГрЅх ріарѕЏрѕФрїГ ріе70 - 200 рЅЦрѕГ For delivery option fees are from 70 birr - 200 birr,../docs/images\photo_2025-02-05_00-12-10 (2).jpg,­ЪЉЅРўј­ЪЈЇ­ЪЈЇ­ЪЈЇ,No YouTube link
lobelia4cosmetics,15283,2025-02-04 14:02:19,ENSURE 850GM Price 3800 birr  Telegram https://t.me/lobelia4cosmetics Msg Lobelia pharmacy and cosmetics  №ИЈ call 0911562031/0911587703 Adress:- Infront of Bole Medhanialem high school  Open Monday - Monday from 8am until midnight ріерѕ░ріъ - ріЦрѕхріе рѕ░ріъ┬а ріерїДрЅ▒ 2:00 рѕхрІЊрЅх - ріЦрѕхріе рѕЮрѕйрЅ▒ 6:00 рѕ░рІЊрЅх  рІерЅхрѕФріЋрѕхрЇќрѕГрЅх ріарѕЏрѕФрїГ ріе70 - 200 рЅЦрѕГ For delivery option fees are from 70 birr - 200 birr,../docs/images\photo_2025-02-05_00-12-11.jpg,­ЪЉЅРўј­ЪЈЇ­ЪЈЇ­ЪЈЇ,No YouTube link
lobelia4cosmetics,15282,2025-02-04 14:02:19,Enfagrow A+ Price 5500 birr  Telegram https://t.me/lobelia4cosmetics Msg Lobelia pharmacy and cosmetics  №ИЈ call 0911562031/0911587703 Adress:- Infront of Bole Medhanialem high school  Open Monday - Monday from 8am until midnight ріерѕ░ріъ - ріЦрѕхріе рѕ░ріъ┬а ріерїДрЅ▒ 2:00 рѕхрІЊрЅх - ріЦрѕхріе рѕЮрѕйрЅ▒ 6:00 рѕ░рІЊрЅх  рІерЅхрѕФріЋрѕхрЇќрѕГрЅх ріарѕЏрѕФрїГ ріе70 - 200 рЅЦрѕГ For delivery option fees are from 70 birr - 200 birr,../docs/images\photo_2025-02-05_00-12-11 (1).jpg,­ЪЉЅРўј­ЪЈЇ­ЪЈЇ­ЪЈЇ,No YouTube link
lobelia4cosmetics,15281,2025-02-04 14:02:19,go & grow 850gm Price 5500 birr  Telegram https://t.me/lobelia4cosmetics Msg Lobelia pharmacy and cosmetics  №ИЈ call 0911562031/0911587703 Adress:- Infront of Bole Medhanialem high school  Open Monday - Monday from 8am until midnight ріерѕ░ріъ - ріЦрѕхріе рѕ░ріъ┬а ріерїДрЅ▒ 2:00 рѕхрІЊрЅх - ріЦрѕхріе рѕЮрѕйрЅ▒ 6:00 рѕ░рІЊрЅх  рІерЅхрѕФріЋрѕхрЇќрѕГрЅх ріарѕЏрѕФрїГ ріе70 - 200 рЅЦрѕГ For delivery option fees are from 70 birr - 200 birr,../docs/images\photo_2025-02-05_00-12-12.jpg,­ЪЉЅРўј­ЪЈЇ­ЪЈЇ­ЪЈЇ,No YouTube link
lobelia4cosmetics,15280,2025-02-04 14:02:19,ENFAGROW  Price 5500 Telegram @Lobeliacosmetics Msg Lobelia pharmacy and cosmetics  №ИЈ call 0911562031/0911587703 Adress:- Infront of Bole Medhanialem high school  ALEMNESH PLAZA GROUND FLOOR  Open Monday - Monday from 8am until midnight ріерѕ░ріъ - ріЦрѕхріе рѕ░ріъ┬а ріерїДрЅ▒ 2:00 рѕхрІЊрЅх - ріЦрѕхріе рѕЮрѕйрЅ▒ 6:00 рѕ░рІЊрЅх  рІерЅхрѕФріЋрѕхрЇќрѕГрЅх ріарѕЏрѕФрїГ ріе70 - 200 рЅЦрѕГ For delivery option fees are from 70 birr - 200 birr,../docs/images\photo_2025-02-05_00-12-12 (1).jpg,­ЪЉЅРўј­ЪЈЇ­ЪЈЇ­ЪЈЇ,No YouTube link
lobelia4cosmetics,15279,2025-02-04 14:02:19,GLUCERNA  Price 3300 birr  Telegram https://t.me/lobelia4cosmetics Msg Lobelia pharmacy and cosmetics  №ИЈ call 0911562031/0911587703 Adress:- Infront of Bole Medhanialem high school  Open Monday - Monday from 8am until midnight ріерѕ░ріъ - ріЦрѕхріе рѕ░ріъ┬а ріерїДрЅ▒ 2:00 рѕхрІЊрЅх - ріЦрѕхріе рѕЮрѕйрЅ▒ 6:00 рѕ░рІЊрЅх  рІерЅхрѕФріЋрѕхрЇќрѕГрЅх ріарѕЏрѕФрїГ ріе70 - 200 рЅЦрѕГ For delivery option fees are from 70 birr - 200 birr,../docs/images\photo_2025-02-05_00-12-12 (2).jpg,­ЪЉЅРўј­ЪЈЇ­ЪЈЇ­ЪЈЇ,No YouTube link
lobelia4cosmetics,15278,2025-02-04 14:02:19,NIDO 1.8KG  Price 4500 birr  Telegram https://t.me/lobelia4cosmetics Msg Lobelia pharmacy and cosmetics  №ИЈ call 0911562031/0911587703 Adress:- Infront of Bole Medhanialem high school  Open Monday - Monday from 8am until midnight ріерѕ░ріъ - ріЦрѕхріе рѕ░ріъ┬а ріерїДрЅ▒ 2:00 рѕхрІЊрЅх - ріЦрѕхріе рѕЮрѕйрЅ▒ 6:00 рѕ░рІЊрЅх  рІерЅхрѕФріЋрѕхрЇќрѕГрЅх ріарѕЏрѕФрїГ ріе70 - 200 рЅЦрѕГ For delivery option fees are from 70 birr - 200 birr,../docs/images\photo_2025-02-05_00-12-13.jpg,­ЪЉЅРўј­ЪЈЇ­ЪЈЇ­ЪЈЇ,No YouTube link
lobelia4cosmetics,15277,2025-02-04 05:47:21,PRENATAL 120 GUMMIES  Price 6500 birr  Telegram https://t.me/lobelia4cosmetics Msg Lobelia pharmacy and cosmetics  №ИЈ call 0911562031/0911587703 Adress:- Infront of Bole Medhanialem high school  Open Monday - Monday from 8am until midnight ріерѕ░ріъ - ріЦрѕхріе рѕ░ріъ┬а ріерїДрЅ▒ 2:00 рѕхрІЊрЅх - ріЦрѕхріе рѕЮрѕйрЅ▒ 6:00 рѕ░рІЊрЅх  рІерЅхрѕФріЋрѕхрЇќрѕГрЅх ріарѕЏрѕФрїГ ріе70 - 200 рЅЦрѕГ For delivery option fees are from 70 birr - 200 birr,../docs/images\photo_2025-02-05_00-12-13 (1).jpg,­ЪЉЅРўј­ЪЈЇ­ЪЈЇ­ЪЈЇ,No YouTube link
yetenaweg,1245,2025-01-22 09:50:46,** рїЦрѕГ рІерѕЏрѕЁрЇђріЋ рЅарѕГ рїФрЇЇ ріФріЋрѕ░рѕГ рІерїЇріЋрІЏрЅц рѕЏрѕхрїерЅарїФ рІѕрѕГ ріљрІЇ!**   рЅЂрѕЇрЇЇ рѕЏрѕ│рѕ░рЅбрІФрІјрЅйрЇА- ** рЅарѕўрІ░рЅаріЏріљрЅх рІГрѕўрѕГрѕўрѕЕрЇА рІерЇЊрЇЋ рѕхрѕџрѕГ ріЦріЊ рІе HPV рѕЮрѕГрѕўрѕФрІјрЅй рЅђрІ░рѕЮ рЅЦрѕј рѕѕрѕўрѕѕрІерЅх ріарѕхрЇѕрѕІрїі ріЊрЅИрІЇрЇб  рѕўріерЅ░рЅЦрЇА рІе HPV ріГрЅхрЅБрЅх рІерѕЏріЁрЇђріЋ рЅарѕГ ріФріЋрѕ░рѕГріЋ рѕѕрѕўріерѕІріерѕЇ рІѕрѕ│ріЮ ріљрІЇрЇб  рѕЮрѕЇріГрЅХрЅ╣ріЋ рІГрІѕрЅЂрЇА- рІФрѕЇрЅ░рѕѕрѕўрІ░ рІерІ░рѕЮ рѕўрЇЇрѕ░рѕхрЇБ рЅарїЇріЋріЎріљрЅх рІѕрЅЁрЅх рѕЁрѕўрѕЮрЇБ рѕўрїЦрЇј рїарѕеріЋ рІФрѕѕрІЇ рЇѕрѕ│рѕйРђдрІѕрІўрЅ░**  рІерѕЏрѕЁрЇђріЋ рЅарѕГ рїФрЇЇ ріФріЋрѕ░рѕГ **рЅХрѕј ріерЅ░рїѕріў рѕіріерѕІріерѕЅрЅх ріерѕџрЅйрѕЅ ріЦріЊ рѕірЅ│ріерѕЎ ріерѕџрЅйрѕЅ ріФріЋрѕ░рѕ«рЅй ріаріЋрІ▒ ріљрІЇ**рЇб   **рІерѕЏрѕЁрЇђріЋ рЅарѕГ ріФріЋрѕ░рѕГріЋ рЅарѕўріерѕІріерѕЇ ріЦріЊ рЅђрІхрѕъ рЅарѕЏріерѕЮ рЅарѕйрЅ│рІЇріЋ рѕўрЅђріљрѕх рІГрЅ╗рѕІрѕЇ::** №ИЈ рѕхрѕѕ рІерѕЏрѕЁрЇђріЋ рЅарѕГ ріФріЋрѕ░рѕГріЋ рІерЅарѕѕрїа рѕѕрѕЏріЋрЅарЅЦ рІерѕџріерЅ░рѕѕрІЇріЋ рѕЏрѕхрЇѕріЋрїарѕфрІФ рІГрїФріЉ: [ріЦрІџрѕЁ рІГрїФріЉ](https://cutt.ly/se3YngvH),No image,­ЪјЌ­ЪњЎРюе­ЪЕ║­Ъћ╣­Ъћ╣­Ъћ╣­ЪњА­ЪЏАРюЇ,No YouTube link
yetenaweg,1243,2025-01-07 03:35:26,** рѕГріЦрІ░ рѕўрѕгрЅх рЅбріерѕ░рЅх рѕЮріЋ рѕЏрІхрѕерїЇ ріЦріЋрІ│рѕѕрЅЦрІјрЅх рІФрІЇрЅЃрѕЅ? ** **№ИЈрѕГріЦрІ░ рѕўрѕгрЅх рІФрѕѕрѕЮріЋрѕЮ рѕЏрѕхрїаріЋрЅђрЅѓрІФ  рѕіріерѕ░рЅх рІГрЅйрѕІрѕЇрЇБ рІГрѕЁрѕЮ рЅарѕЁрІГрІѕрЅх ріЦріЊ ріЋрЅЦрѕерЅх рѕІрІГ ріерЇЇрЅ░ріЏ рїЅрІ│рЅх рІФрѕхріерЅхрѕІрѕЇрЇб  рІЮрїЇрїЂ рѕўрѕєріЋ  рІ░рѕЁріЋріљрЅхріЋ рѕѕрѕўрїарЅарЅЁ рІерѕўрїђрѕўрѕфрІФрІЇ ріЦрѕГрѕЮрїЃ ріљрІЇРђћріЦрѕФрѕхрІјріЋ рІГрїарЅЦрЅЂ рЇБ рІеріарІ░рїІ рїірІю ріЦрЅЁрІх рІГріЉрѕГрІјрЅхрЇБ рѕГріЦрІ░ рѕўрѕгрЅх рЅарѕџріерѕ░рЅхрЅарЅх рїірІю ріЦріЊ рЅаріІрѕІ рѕЮріЋ рѕЏрІхрѕерїЇ ріЦріЋрІ│рѕѕрЅдрЅх рІГрІѕрЅЂ:-**  **рЅБрѕЅрЅарЅх рІЮрЅЁ рІГрЅарѕЅрЇБ рЅаріЦрїєрЅйрІј  ріЦріЊ рїЅрѕЇрЅарЅХрЅйрІј рІГрѕѓрІ▒**рЇб рІГрѕЁ ріаріФрѕёрІх рЅарѕџрІѕрІхрЅЂ ріљрїѕрѕ«рЅй ріЦріЊ рЇЇрѕГрѕхрѕФрѕЙрЅй ріерѕўрѕўрЅ│рЅх ріЦріЊ рѕўрІЇрІ░рЅЁ рІГріерѕІріерѕІрѕЇрЇБ рІѕрІ░ рІ░рѕЁріЋріљрЅх рѕ│рІГрїјрІ▒ ріЦріЋрІ▓рѕёрІ▒ рІФрѕхрЅйрѕІрѕЇ рЇб  **рїГріЋрЅЁрѕІрЅхрІјріЋ ріЦріЊ ріаріЋрїѕрЅхрІјріЋ рЅаріЦрїЁрІј рІГрѕИрЇЇ**ріЉ рЇБ рїаріЋріФрѕФ рїарѕерї┤рІЏ рЅаріарЅЁрѕФрЅбрІФ ріФрѕѕ ріерѕ▒ рѕхрѕГ рѕѕрїЦрЅарЅЃ рЅарѕўрїЇрЅБрЅх рІГрїарѕѕрѕЅ рЇб  рѕЮріЋрѕЮ рѕўрїарѕѕрІФ ріерѕїрѕѕрЇБ **ріерѕўрѕхрі«рЅХрЅй рІГрѕФрЅЂ**рЇБ рІѕрІ░ рІерЅцрЅ▒/рѕЁріЋрї╗ рІЇрѕхрїаріЏрІЇ рїЇрІхрїЇрІ│ рІГрѕѓрІ▒ ріЦріЊ ріЦрѕФрѕхрІјріЋ ріерѕџрІѕрІхрЅЂ ріљрїѕрѕ«рЅй рІѕрІГрѕЮ рЇЇрѕГрѕхрѕФрѕЙрЅй рѕѕрѕўріерѕІріерѕЇ **рїјріЋрЅарѕх рІГрЅарѕЅ** рЇб **№ИЈрЅарїарѕерї┤рІЏ  рѕхрѕГ ріерЅ░рїарѕѕрѕЅ рЅарѕўріЋрЅђрїЦрЅђрїА рїірІю рѕіріЋрЅђрѕ│рЅђрѕх рѕхрѕѕрѕџрЅйрѕЅ ріарїЦрЅЦрЅђрІЇ рІГрІФрІЎрЅхрЇб №ИЈрїГріЋрЅЁрѕІрЅхрІјріЋ ріЦріЊ ріаріЋрїѕрЅхрІјріЋ рЅаріЦрїЁрІј рІГрѕИрЇЇріЉ рЇБ рѕўрїарѕѕрІФ ріерѕїрѕѕ рѕўріЋрЅђрїЦрЅђрїА ріЦрѕхріфрЅєрѕЮ рІхрѕерѕх рЅарѕЂрѕѕрЅ▒рѕЮ ріЦрїєрЅйрІј рїГріЋрЅЁрѕІрЅхрІјріЋ ріЦріЊ ріаріЋрїѕрЅхрІјріЋ рЅарѕўрѕИрЇѕріЋ ріЦрѕФрѕхрІјріЋ рІГрїарЅЦрЅЂрЇб** **рЅарѕўрѕгрЅх рѕўріЋрЅђрїЦрЅђрїЦ рІѕрЅЁрЅх рІеріЦрѕГрѕхрІјріЋрѕЮ рѕєріљ рІерЅцрЅ░рѕ░рЅЦрІјріЋ рІ░рѕЁріЋріљрЅх рѕѕрѕўрїарЅарЅЁ  рІѕрЅЁрЅ│рІі рІерѕєріЉ рѕЏріЋрЅѓрІФрІјрЅйріЋрЇБ рѕўрѕўрѕфрІФрІјрЅйріЋ рѕѕрѕЏрїЇріўрЅх рІГрѕЁріЋ рѕўрЅ░рїЇрЅарѕфрІФ рІГрїарЅђрѕЎ**:- **IOS**[**:**](https://apps.apple.com/us/app/rilevatore-terremoto/id1449893235) ріЦрІџрѕЁ рІГрїФріЉ[ ](https://play.google.com/store/apps/details?id=com.finazzi.distquake)** Android: **[ріЦрІџрѕЁ рІГрїФріЉ ](https://play.google.com/store/apps/details?id=com.finazzi.distquake) **Huawei App Gallery**: [ріЦрІџрѕЁ рІГрїФріЉ](https://appgallery7.huawei.com/#/app/C101792515),No image,­ЪїЇ­ЪцћРџаРюЁ­ЪЉЅ­Ъџе­ЪЉЅ­ЪЏА­ЪЉЅ­ЪЏАРЮЌРЮЌ­ЪїЇ­ЪЊ▒­ЪЉЅ­ЪЉЅ­ЪЉЅ,No YouTube link
yetenaweg,1242,2024-12-16 07:08:46,**рІерїцріЊ рІѕрїЇ рЅфрІ▓рІ« рЇќрІхріФрѕхрЅх**  ріе **EngenderHealth **ріЦріЊ ріе**Saint Paul Institute for Reproductive Health and Rights (SPIRHR)** рїІрѕГ рЅарѕўрЅ░рЅБрЅарѕГ:                             **РђЇРђЇРђЇрІерЅцрЅ░рѕ░рЅЦ рѕЮрїБріћРђЇРђЇРђЇ**  рІЇрІГрІГрЅ▒ рІЇрѕхрїЦ рІерЅ░ріФрЅ░рЅ▒рЅх рѕГрІЋрѕХрЅйрЇА- ** рІерЅцрЅ░рѕ░рЅЦ рѕЮрїБріћ рѕЏрѕѕрЅх рѕЮріЋ рѕЏрѕѕрЅх ріљрІЇрЇб  рІерЅ░рѕѕрІФрІЕ ріарІГріљрЅх рІеріЦрѕГрїЇрІЮріЊ рѕўріерѕІріерІФ рІўрІ┤рІјрЅй ріЦріЊ ріарїарЅЃрЅђрѕЏрЅИрІЇ №ИЈ рїЦрЅЁрѕърЅ╗рЅИрІЇрЇБ рїЅрІ│рЅХрЅ╗рЅИрІЇ ріЦріЊ рІЇрїцрЅ│рѕЏріљрЅ│рЅИрІЇ  рѕѕрЇЇрѕІрїјрЅхрІј рЅхріГріГрѕѕріЏрІЇріЋ рІеріЦрѕГрїЇрІЮріЊ рѕўріерѕІріерІФ рІўрІ┤ рѕўрѕЮрѕерїЦ  ріЦріЊ рѕїрѕјрЅй рЅ░рїерѕЏрѕф рІерѕўрІѕрІФрІФ** **ріљрїЦрЅдрЅй ** рІЇрІГрІГрЅ▒ріЋ рѕѕрѕўрѕўрѕЇріерЅх [ріЦрІџрѕЁ рІГрїФріЉ ]( **рІерІЕрЅ▓рІЕрЅЦ рЅ╗ріЊрѕІрЅйріЋріЋ рѕ░рЅЦрѕхріГрѕФрІГрЅЦ рЅарѕЏрІхрѕерїЇ рЅарЅђрїБрІГ ріарІ▓рѕх рЇќрІхріФрѕхрЅХрЅйрЇБ рЅарїцріЊ ріЦріЊ рІ░рѕЁріЋріљрЅх рїЅрІ│рІ«рЅй рѕІрІГ ріерЅБрѕѕрѕЎрІФ рїІрѕГ рІФрІ░рѕеріЏрЅИрІЇ рІЇрІГрІГрЅХрЅйріЋ рѕЏрїЇріўрЅх рІГрЅйрѕІрѕЅрЇб   YouTube: **** ** ріарІ│рІ▓рѕх рѕўрѕерїЃрІјрЅйріЋ рѕѕрѕЏрїЇріўрЅх рЅарѕЏрѕЁрЅарѕФрІі рѕџрІ▓рІФрІјрЅ╗рЅйріЋ рѕІрІГ рІГріерЅ░рѕЅріЋ:  Instagram: ****https://instagram.com/yetena_weg?r=nametag****  Twitter: ****https://twitter.com/yetenaw?s=21&t=NyVsmz_NUwSnHTOXIw8vZw****  Facebook: ****https://www.facebook.com/YeTenaw****  YouTube: ****  Website: ****https://yetenaweg.com/****   LinkedIn: ****https://www.linkedin.com/company/yetena-weg/**,No image,­ЪјЎРюеРюе­ЪјЎ­ЪцЮ­ЪЉе­ЪЉЕ­ЪЉД­ЪЉд­ЪЉе­ЪЉЕ­ЪЉД­ЪЉд­ЪїЪ­Ъцћ­Ъњі­Ъц▒Рџќ­ЪњА­ЪњЉ­Ъњг­ЪЉЅ­ЪїЪ­ЪјЎ­ЪЊ╣­ЪЊ▒­ЪЊИ­Ъљд­ЪЊў­ЪЊ╣­Ъїљ­Ъњ╝,"https://youtu.be/hdoMn7aXZKk), https://www.youtube.com/c/YeTenaWeg?sub_confirmation=1**, https://www.youtube.com/c/YeTenaWeg?sub_confirmation=1****"
yetenaweg,1241,2024-12-13 06:49:28,** рІерїцріЊ рІѕрїЇ рЅфрІ▓рІ« рЇќрІхріФрѕхрЅх ** рЅа **EngenderHealth **ріЦріЊ **Saint Paul Institute for Reproductive Health and Rights (SPIRHR) **рїІрѕГ рЅарѕўрЅ░рЅБрЅарѕГ:         **№ИЈрїЅрѕГрѕЮрѕхріЊ**   рІерЅ░ріФрЅ░рЅ▒рЅх рѕГрІЋрѕХрЅй: **__ рЅарїЅрѕГрѕЮрѕхріЊ рІѕрЅЁрЅх рѕЮріЋ рѕѕрІЇрїдрЅй рІГріерѕ░рЅ│рѕЅ?  РђЇРђЇРђЇ рІѕрѕІрїєрЅй рѕхрѕѕ-рѕхріљ рЅ░рІІрѕЇрІХ рїцріЋріљрЅх ріерѕЇрїєрЅ╗рЅИрІЇ рїІрѕГ рѕўрЅ╝ рѕўрІѕрІФрІерЅх ріарѕѕрЅБрЅИрІЇ?  РђЇ№ИЈ рІѕрїБрЅХрЅй рЅарѕўрѕерїЃ рѕІрІГ рІерЅ░рѕўрѕ░рѕерЅ░ рѕЮрѕГрїФ рѕЏрІхрѕерїЇ рІерѕџрЅйрѕЅрЅх ріЦріЋрІ┤рЅх ріљрІЇ?  ріЦріЊ рѕїрѕјрЅй рЅ░рїерѕЏрѕф рІЇрІГрІГрЅХрЅй!__** рІЇрІГрІГрЅ▒ріЋ рѕѕрѕўрѕўрѕЇріерЅх [ріЦрІџрѕЁ рІГрїФріЉ ]( **рІерІЕрЅ▓рІЕрЅЦ рЅ╗ріЊрѕІрЅйріЋріЋ рѕ░рЅЦрѕхріГрѕФрІГрЅЦ рЅарѕЏрІхрѕерїЇ рЅарЅђрїБрІГ ріарІ▓рѕх рЇќрІхріФрѕхрЅХрЅйрЇБ рЅарїцріЊ ріЦріЊ рІ░рѕЁріЋріљрЅх рїЅрІ│рІ«рЅй рѕІрІГ ріерЅБрѕѕрѕЎрІФ рїІрѕГ рІФрІ░рѕеріЏрЅИрІЇ рІЇрІГрІГрЅХрЅйріЋ рѕЏрїЇріўрЅх рІГрЅйрѕІрѕЅрЇб   YouTube: **** ** ріарІ│рІ▓рѕх рѕўрѕерїЃрІјрЅйріЋ рѕѕрѕЏрїЇріўрЅх рЅарѕЏрѕЁрЅарѕФрІі рѕџрІ▓рІФрІјрЅ╗рЅйріЋ рѕІрІГ рІГріерЅ░рѕЅріЋ:  Instagram: ****https://instagram.com/yetena_weg?r=nametag****  Twitter: ****https://twitter.com/yetenaw?s=21&t=NyVsmz_NUwSnHTOXIw8vZw****  Facebook: ****https://www.facebook.com/YeTenaw****  YouTube: ****  Website: ****https://yetenaweg.com/****   LinkedIn: ****https://www.linkedin.com/company/yetena-weg/**,No image,­ЪјЎРюеРюе­ЪјЎ­ЪДњРъА­ЪДЉ­Ъћё­ЪїЪ­Ъћ╣­Ъћ╣­ЪЉе­ЪЉЕ­ЪЉД­ЪЉд­Ъћ╣­ЪДЉРџЋ­Ъњг­ЪЉЅ­ЪїЪ­ЪјЎ­ЪЊ╣­ЪЊ▒­ЪЊИ­Ъљд­ЪЊў­ЪЊ╣­Ъїљ­Ъњ╝,"https://youtu.be/GCthKAXhQ2o), https://www.youtube.com/c/YeTenaWeg?sub_confirmation=1**, https://www.youtube.com/c/YeTenaWeg?sub_confirmation=1****"
yetenaweg,1240,2024-12-12 03:02:57,** рІерїцріЊ рІѕрїЇ рЅфрІ▓рІ« рЇќрІхріФрѕхрЅх ** **ріе EngenderHealth ріЦріЊ ріеSaint Paul Institute for Reproductive Health and Rights (SPIRHR) рїІрѕГ рЅарѕўрЅ░рЅБрЅарѕГ:** **                       рІерІхрѕЁрѕе рІѕрѕірІх рїцріЊ ** __РђЇ№ИЈ ріерІѕрѕірІх рЅаріІрѕІ рІерѕџріерѕ░рЅ▒ рЅЂрѕЇрЇЇ рІЇрѕхрїБрІі ріЦріЊ рІЇрїфрІФрІі ріаріФрѕІрІі рѕѕрІЇрїдрЅй №ИЈріерІѕрѕірІх рЅаріІрѕІ рѕірѕўрїА рІерѕџрЅйрѕЅ  рЅйрїЇрѕ«рЅй рѕЮрѕЇріГрЅХрЅй  рІеріЦрѕГрїЇрІЮріЊ рѕўріерѕІріерІФ ріарѕЏрѕФрї«рЅй  ріарѕўрїІрїѕрЅЦ ріЦріЊ рІеріарѕўрїІрїѕрЅЦ рѕхрѕГріарЅх РђЇ№ИЈ рІеріаріФрѕЇ рЅЦрЅЃрЅх ріЦріЋрЅЁрѕхрЅЃрѕ┤__ **рІЇрІГрІГрЅ▒ріЋ рѕѕрѕўрѕўрѕЇріерЅх **[**ріЦрІџрѕЁ рІГрїФріЉ **]( ** рІерІЕрЅ▓рІЕрЅЦ рЅ╗ріЊрѕІрЅйріЋріЋ рѕ░рЅЦрѕхріГрѕФрІГрЅЦ рЅарѕЏрІхрѕерїЇ рЅарЅђрїБрІГ ріарІ▓рѕх рЇќрІхріФрѕхрЅХрЅйрЇБ рЅарїцріЊ ріЦріЊ рІ░рѕЁріЋріљрЅх рїЅрІ│рІ«рЅй рѕІрІГ ріерЅБрѕѕрѕЎрІФ рїІрѕГ рІФрІ░рѕеріЏрЅИрІЇ рІЇрІГрІГрЅХрЅйріЋ рѕЏрїЇріўрЅх рІГрЅйрѕІрѕЅрЇб   YouTube: **** ** ** ріарІ│рІ▓рѕх рѕўрѕерїЃрІјрЅйріЋ рѕѕрѕЏрїЇріўрЅх рЅарѕЏрѕЁрЅарѕФрІі рѕџрІ▓рІФ рѕўрѕѕрІФрІјрЅ╗ріЋ  рІГріерЅ░рѕЅріЋ:  Instagram: ****https://instagram.com/yetena_weg?r=nametag****  X(Twitter): ****https://twitter.com/yetenaw?s=21&t=NyVsmz_NUwSnHTOXIw8vZw****  Facebook: ****https://www.facebook.com/YeTenaw****  Website: ****https://yetenaweg.com/**,No image,­ЪјЎРюеРюе­ЪјЎ­ЪцЮ­Ъц░­ЪЈЙ­Ъц▒­ЪЈЙ­ЪДЇ­ЪЈйРЎђРЮЌ­Ъњі­ЪЇј­ЪЈЃРЎђ­ЪЉЅ­ЪїЪ­ЪјЎ­ЪЊ╣­ЪЊ▒­ЪЊИ­Ъљд­ЪЊў­Ъїљ,"https://youtu.be/uGctUFrOV38), https://www.youtube.com/c/YeTenaWeg?sub_confirmation=1****"
yetenaweg,1239,2024-12-11 15:11:40,"рІеріЕрѕІрѕірЅх рѕѕрїІрѕй рѕўрѕєріЋрЇд рѕЏрІѕрЅЁ рІФрѕѕрЅЦріЋ ріљрїѕрѕ«рЅйрЇб рЅарібрЅхрІ«рїхрІФ рІеріЕрѕІрѕірЅх рѕЁрѕўрѕЮ┬а ріерЇЇрЅ░ріЏ рІерїцріЊ рЅ░рїЇрІ│рѕ«рЅх рѕ▓рѕєріЋ рЅЦрІЎ рїЇрѕѕрѕ░рЅдрЅйріЋ рІФрїарЅЃрѕЇрЇб рЅарЅ░рїерѕЏрѕфрѕЮ рІерїцріЊ рѕхрѕГрІЊрЅ▒ рѕІрІГ ріерЅБрІх рѕИріГрѕЮ ріЦрІерЇѕрїарѕе ріљрІЇрЇб рЅарѕўрїерѕерѕ╗ рІ░рѕерїЃ рІеріЕрѕІрѕірЅх рЅарѕйрЅ│ рѕѕрѕџрѕ░рЅЃрІЕ рІеріЕрѕІрѕірЅх ріЋрЅЁрѕѕ-рЅ░ріерѕІ┬а рЅарїБрѕЮ рІЇрїцрЅ│рѕЏ рІерѕЋріГрѕЮріЊ ріарѕЏрѕФрїГ ріљрІЇрЇб рІеріЕрѕІрѕірЅх ріЦрїЦрЅарЅх рІеріЕрѕІрѕірЅхріЋ рЅ░рїЇрЅБрѕФрЅх рЅарѕўрЇѕрїИрѕЮ рѕЁрІГрІѕрЅхріЋ рѕЏрЅєрІерЅх рЅбрЅйрѕЇрѕЮ ріЦріЋрІ░ріЕрѕІрѕірЅх ріЋрЅЁрѕѕ рЅ░ріерѕІ рїЦрѕЕ ріЉрѕ« рІѕрІГрѕЮ рѕерїЁрѕЮ рІерѕЁрІГрІѕрЅх рІўрѕўріЋ ріарІГрѕ░рїЦрѕЮрЇб рІеріЕрѕІрѕірЅх ріЦрїЦрЅарЅх ┬арЅЦрІЎ рїірІю рѕєрѕхрЇњрЅ│рѕЇ рѕўрѕўрѕІрѕѕрѕхріЋ рѕхрѕѕрѕџрѕхріерѕхрЅх рѕѕрЅ│ріФрѕџрІјрЅй ріаріФрѕІрІі ріЦріЊ рѕхрѕюрЅ│рІі рїЅрІ│рЅх рІФрѕўрїБрѕЇрЇб рЅаріаріЋрЇЃрѕЕ рІерЅ░рѕ│ріФ рІеріЕрѕІрѕірЅх ріЋрЅЁрѕѕ рЅ░ріерѕІ рІеріЕрѕІрѕірЅх рѕўрІ░рЅаріЏ рѕхрѕФріЋ рІѕрІ░ріљрЅарѕерЅарЅх ріЦріЋрІ▓рѕўрѕѕрѕх рЅарѕЏрІхрѕерїЇ рЅ│ріФрѕџрІјрЅй рїцріЊрѕЏ ріЦріЊ рїЦрѕЕ рѕЁрІГрІѕрЅх ріЦріЋрІ▓рѕўрѕЕ рІФрѕхрЅйрѕІрЅИрІІрѕЇрЇб рЅарѕЁрІГрІѕрЅх ріЦрІФрѕЅ ріЕрѕІрѕірЅх рѕўрѕѕрїѕрѕх рІерЅ░рЅђрЅБрІЕріЋ рѕЁрІГрІѕрЅх рЅаріЦрїЁрїЅ ріерѕЏрѕ╗рѕ╗рѕЇ рЅарЅ░рїерѕЏрѕф рѕЁрІГрІѕрЅ▒ріЋ рІФрІхріЉрЅ│рѕЇ рЇб рІГрѕЁ рїйрѕЂрЇЇ рІеріЕрѕІрѕірЅх рѕѕрїІрѕй рІерѕўрѕєріЋ рѕѓрІ░рЅхріЋ ріерѕўрїђрѕўрѕфрІФ рѕЮрѕГрѕўрѕФ рїђрѕЮрѕ« ріЦрѕхріе рІхрѕЁрѕе рѕЇрїѕрѕ│ рІхрѕерѕх рѕѕрѕЏрЅЦрѕФрѕФрЅх рІФрѕѕрѕў ріљрІЇрЇб рІГрѕЁріЋріЋ┬а рЅарѕЏрЅЁрѕерЅЦрЇБ рЅЦрІЎ рїЇрѕѕрѕ░рЅдрЅй рЅарѕЁрІГрІѕрЅх ріЦрІФрѕЅ рІеріЕрѕІрѕірЅх рѕѕрїІрѕЙрЅй рЅарѕўрѕєріЋ рѕірІФрѕўрїА рІерѕџрЅйрѕЅрЅхріЋ ріерЇЇрЅ░ріЏ рЅ░рїйрІЋріќ ріЦріЋрІ▓рІФрѕхрЅА рІФрЅарѕерЅ│рЅ│рѕЇ Robel Habtamu Ababiya M.D, General Practitioner, Lecturer https://yetenaweg.com/%e1%8b%a8%e1%8a%a9%e1%88%8b%e1%88%8a%e1%89%b5-%e1%88%88%e1%8c%8b%e1%88%bd-%e1%88%98%e1%88%86%e1%8a%95%e1%8d%a6-%e1%88%9b%e1%8b%88%e1%89%85-%e1%8b%ab%e1%88%88%e1%89%a5%e1%8a%95-%e1%8a%90%e1%8c%88/",No image,No emoji,No YouTube link
yetenaweg,1235,2024-12-10 09:39:23,**рІерѕ┤рЅХрЅй рѕўрЅЦрЅх рѕ░рЅаріарІі рѕўрЅЦрЅХрЅй ріЊрЅИрІЇ!!!** **рЅарїЙрЅ│ рѕІрІГ рІерЅ░рѕўрѕ░рѕерЅ░ рїЦрЅЃрЅх ріЦріЋрІ▓рЅєрѕЮ рІЮрѕЮрЅ│рІЇріЋ рѕўрѕхрЅарѕГ** №ИЈрЅарЇєрЅ│ рѕІрІГ рІерЅ░рѕўрѕ░рѕерЅ░ рїЦрЅЃрЅх рѕЏрѕЁрЅарѕФрІі рїЅрІ│рІГ рЅЦрЅ╗ ріарІГрІ░рѕѕрѕЮ - ріаріФрѕІрІірЇБ  ріаріЦрѕЮрѕ»рІі ріЦріЊ рѕхрѕюрЅ│рІі рІ░рѕЁріЋріљрЅхріЋ рІерѕџрїјрІ│ ріерЅБрІх рІерѕЁрЅЦрѕерЅ░рѕ░рЅЦ рїцріЊ рѕхрїІрЅх ріљрІЇрЇб ** рЇєрЅ│ріЋ рѕўрѕ░рѕерЅх рІФрІ░рѕерїЅ рїЦрЅЃрЅХрЅй рІерІ░рѕерѕ░рЅБрЅИрІЇ рѕ░рІјрЅй рѕЂрѕЅріЋ ріарЅђрЇЇ ріЦріЋріГрЅЦріФрЅцріЋ рЅаріаріЋрІх рЅдрЅ│ рѕЏрїЇріўрЅх рІГрЅйрѕІрѕЅрЇб** **рІеріаріЋрІх рѕўрѕхрі«рЅх ріарїѕрѕЇрїЇрѕјрЅхРђћ     рІерѕЁріГрѕЮріЊ рІхрїІрЇЇ      рІерѕхріљ-рѕЇрЅдріЊ рѕЮріГрѕГ      рІерѕЁрїЇ рІхрїІрЇЇ №ИЈ     ріЦріЊ рѕїрѕјрЅй ріарїѕрѕЇрїЇрѕјрЅХрЅй рЅаріаріЋрІх рѕІрІГ рІерѕџрїѕріЮрЅарЅх рЅдрЅ│ ріљрІЇрЇб** №ИЈ**рЅарЇєрЅ│ рѕІрІГ рІерЅ░рѕўрѕ░рѕерЅ░ рїЦрЅЃрЅх рѕўрІўрІърЅй рѕЮріЋ рѕЮріЋ ріЊрЅИрІЇ?** №ИЈ**рЅарібрЅхрІ«рїхрІФ рІЇрѕхрїЦ рїЙрЅ│ріЋ рѕўрѕ░рѕерЅх рІФрІ░рѕерїЅ рїЦрЅЃрЅХрЅйріЋ рѕѕрѕЏрѕхрЅєрѕЮ рѕЮріЋ ріЦріЊрѕГрїЇ?** **ріЦріљрІџрѕЁріЋ ріЦріЊ рѕїрѕјрЅй рїЦрІФрЅёрІјрЅйріЋ рѕўрѕЇрѕх рѕѕрѕЏрїЇріўрЅх **[ріЦрІџрѕЁ рІГрїФріЉрЇб](https://yetenaweg.com/%E1%8C%BE%E1%89%B3%E1%8A%95-%E1%88%98%E1%88%B0%E1%88%A8%E1%89%B5-%E1%8B%AB%E1%8B%B0%E1%88%A8%E1%8C%89-%E1%8C%A5%E1%89%83%E1%89%B6%E1%89%BD%E1%8A%95-%E1%88%88%E1%88%9B%E1%88%B5%E1%89%86%E1%88%9D/) [ ](https://t.me/yetenaweg)**рІерЅ┤рѕїрїЇрѕФрѕЮ рЅ╗ріЊрѕІрЅйріЋріЋ рѕѕрѕўрЅђрѕІрЅђрѕЇ  **[ріЦрІџрѕЁ рІГрїФріЉрЇб](https://t.me/yetenaweg),No image,­ЪЉЕ­ЪЊБ­ЪЊБРё╣­ЪДа­ЪЈЦРюЁ­ЪЕ║РюЁ­ЪњгРюЁРџќРюЁРџюРџю­Ъћ▒­ЪЉЅ­ЪЈЙ­Ъћ▒­ЪЉЅ­ЪЈЙ,No YouTube link
yetenaweg,1234,2024-12-08 08:17:20,** рІерїцріЊ рІѕрїЇ рЅфрІ▓рІ« рЇќрІхріФрѕхрЅх ** рЅа **EngenderHealth **ріЦріЊ **Saint Paul Institute for Reproductive Health and Rights (SPIRHR) **рїІрѕГ рЅарѕўрЅ░рЅБрЅарѕГ:               **№ИЈрїЅрѕГрѕЮрѕхріЊ**   рІерЅ░ріФрЅ░рЅ▒рЅх рѕГрІЋрѕХрЅй: ** рЅарїЅрѕГрѕЮрѕхріЊ рІѕрЅЁрЅх рѕЮріЋ рѕѕрІЇрїдрЅй рІГріерѕ░рЅ│рѕЅ?  РђЇРђЇРђЇ рІѕрѕІрїєрЅй рѕхрѕѕ-рѕхріљ рЅ░рІІрѕЇрІХ рїцріЋріљрЅх ріерѕЇрїєрЅ╗рЅИрІЇ рїІрѕГ рѕўрЅ╝ рѕўрІѕрІФрІерЅх ріарѕѕрЅБрЅИрІЇ?  РђЇ№ИЈ рІѕрїБрЅХрЅй рЅарѕўрѕерїЃ рѕІрІГ рІерЅ░рѕўрѕ░рѕерЅ░ рѕЮрѕГрїФ рѕЏрІхрѕерїЇ рІерѕџрЅйрѕЅрЅх ріЦріЋрІ┤рЅх ріљрІЇ?  ріЦріЊ рѕїрѕјрЅй рЅ░рїерѕЏрѕф рІЇрІГрІГрЅХрЅй!**         рЅарЅЁрѕГрЅЦ рЅђріЋ рІГрїарЅЦрЅЂріЋ!,No image,­ЪјЎРюеРюе­ЪјЎ­ЪДњРъА­ЪДЉ­Ъћё­ЪїЪ­Ъћ╣­Ъћ╣­ЪЉе­ЪЉЕ­ЪЉД­ЪЉд­Ъћ╣­ЪДЉРџЋ­Ъњг­ЪЊЁРЈ│,No YouTube link
yetenaweg,1233,2024-12-07 13:42:13,**рІерїцріЊ рІѕрїЇ рЅфрІ▓рІ« рЇќрІхріФрѕхрЅх**  ріе E**ngenderHealth** ріЦріЊ ріе**Saint Paul Institute for Reproductive Health and Rights (SPIRHR)** рїІрѕГ рЅарѕўрЅ░рЅБрЅарѕГ:         **рІерІхрѕЁрѕе рІѕрѕірІх рїцріЊ**   рІЇрІГрІГрЅ▒ рІЇрѕхрїЦ рІерЅ░ріФрЅ░рЅ▒рЅх рѕГрІЋрѕХрЅйрЇА- **РђЇ№ИЈ рЅЂрѕЇрЇЇ рІЇрѕхрїБрІі ріЦріЊ рІЇрїфрІФрІі** **ріаріФрѕІрІі рѕѕрІЇрїдрЅй  ріарѕўрїІрїѕрЅЦ ріЦріЊ рІеріарѕўрїІрїѕрЅЦ рѕхрѕГріарЅх РђЇ№ИЈ рІеріаріФрѕЇ рЅЦрЅЃрЅх ріЦріЋрЅЁрѕхрЅЃрѕ┤  рІеріЦрѕГрїЇрІЮріЊ рѕўріерѕІріерІФ ріарѕЏрѕФрї«рЅй  ріЦріЊ рѕїрѕјрЅй рЅ░рїерѕЏрѕф рІерѕўрІѕрІФрІФ ріљрїЦрЅдрЅй**              рЅарЅЁрѕГрЅЦ рЅђріЋ рІГрїарЅЦрЅЂріЋ!,No image,­ЪјЎРюеРюе­ЪјЎ­ЪцЮ­Ъц░­ЪЈЙ­Ъц▒­ЪЈЙ­ЪїЪ­ЪДЇ­ЪЈйРЎђ­ЪЇј­ЪЈЃРЎђ­Ъњі­Ъњг­ЪЊЁРЈ│,No YouTube link
yetenaweg,1231,2024-12-03 10:26:03,рІеріарѕѕрѕЮ ріарЅђрЇЇ рІеріаріФрѕЇ рїЅрІ│рЅ░ріърЅй┬а рЅђріЋ рЅарІеріарѕўрЅ▒ December 3 рІГріерЅарѕФрѕЇрЇб рІўріЋрІхрѕ«рѕЮ ''рІеріаріФрѕЇ рїЅрІ│рЅ░ріърЅйріЋ рІерѕўрѕфріљрЅх рѕџріЊ рЅарѕЏрїЅрѕІрЅх ріаріФрЅ│рЅйріЊ рІўрѕІрЅѓ рѕЇрѕЏрЅхріЋ ріЦріЊрѕерїІрїЇрїЦ!'' рЅарѕџрѕЇ рѕўрѕф рЅЃрѕЇ ріЦрІерЅ░ріерЅарѕе рІГрїѕріЏрѕЇрЇб  ріаріФрѕЇ рїЅрІ│рЅх рѕЏрѕѕрЅх рІеріаріЦрѕЮрѕ«рЇБ рІерѕхрѕюрЅх рѕЁрІІрѕ│рЅх ріЦріЊ рІеріаріФрѕЇ рѕўрїјрІ│рЅх рѕ▓рѕєріЋ рїЇрѕѕрѕарЅАріЋ рЅарѕЏрѕЁрЅарѕерѕ░рЅА рІЇрѕхрїЦ ріЦріЕрѕЇ рЅ░рѕ│рЅхрЇј ріЦріЋрІ│рІФрІ░рѕГрїЇ рІерѕџрїѕрІхрЅЦ рѕЂріћрЅ│ ріљрІЇрЇАрЇА  ріаріФрѕЇ рїЅрІ│рЅ░ріЮріљрЅх рѕЏрѕѕрЅх рЅарЅ░рЇѕрїЦрѕ« рІѕрІГрѕЮ рЅарѕ░рІЇ рѕ░рѕФрѕй рѕЮріГріЋрІФрЅХрЅй рѕЏрІерЅх рЇБрѕўріЊрїѕрѕГ рѕўрѕхрѕЏрЅх рІерѕЏрІГрЅйрѕЇ рІѕрІГрѕЮ рЅаріЦрїЇрѕЕ рѕІрІГ рІѕрІГрѕЮ рЅаріаріЦрѕЮрѕ« рІЮрїЇрѕўрЅх рІерѕџрѕ░рЅЃрІГ рѕ░рІЇ ріљрІЇрЇб ┬а ріаріФрѕЇ рїЅрІ│рЅ░ріърЅйріЋ рѕЏріФрЅ░рЅхріЋ рЅарѕџрѕўрѕѕріерЅ▒ рІѕрѕ│ріЮ рїЅрІ│рІ«рЅй рѕІрІГ рІхрїІрЇЇріЋ рѕЏрѕ░рЅБрѕ░рЅЦрЇБ рѕхрѕѕ ріаріФрѕЇ рїЅрІ│рЅ░ріърЅй рїЇріЋрІЏрЅц рІерѕЏрѕ│рІ░рїЇ рѕхрѕФріЋ рѕЏрЅарѕерЅ│рЅ│рЅх ріЦріЋрІ▓рѕЂрѕЮ рЅхріЕрѕерЅхріЋ рІѕрІ░ рѕЂрѕЅріЋ ріарЅђрЇЇ ріЦріЊ рЅ░рІ░рѕФрѕй рѕЏрѕЁрЅарѕерѕ░рЅЦ рїЦрЅЁрѕърЅй рѕЏрІ│рѕерѕх ріарѕхрЇѕрѕІрїі ріљрІЇрЇб,No image,РюЇРюЇРюЇ­ЪЉЅ­ЪЉЅ­ЪњЦ,No YouTube link
EAHCI,2611,2025-02-04 09:11:41,#**Adult_ECHO_Training****@****#ADISS_ABABA_By_Cardiologist_for_Physicians**   We_have_Only_few_trainee_Position Lecture will start on February 10 рІеріФрЅ▓рЅх 3 рІГрїђрѕЮрѕФрѕЇ! #Hands_on training ! #Register_Soon_And_Get_Certified !! 0965412222 Dr.Shalom 0941404444 #Hosted_By: Ethio-American Medical Training Center T.me/eahci,No image,­ЪЉЅ­ЪЉЅ­ЪЊъ­ЪЊъ,No YouTube link
EAHCI,2610,2025-02-03 09:34:16,#CPD_ріарѕЂріЋ_рІГрѕўрІЮрїѕрЅА #рІерѕърІФ_рЇѕрЅЃрІх_рѕѕрѕЏрѕ│рІ░рѕх_CPD_рІГрѕўрІЮрїѕрЅА #Title=Antimicrobial Drug Resistance Prevention Training  15CEU  ріе рїЦрѕГ 28 рїђрѕЮрѕ« рІГрѕ░рїБрѕЇ! **рѕѕрѕЂрѕЅрѕЮ рїцріЊ рЅБрѕѕрѕърІФрІјрЅй рЅарѕЂрѕЅрѕЮ ріГрѕЇрѕјрЅйріЊ ріерЅ░рѕърЅй рѕІрѕІрЅйрѕЂрЇб** -------------------------------------------- 0965410000(Ekram) 0965412222(Dr. Shalom) 0941404444(Daye) 0942404444(Tenbit) 0968670067(Selam) 0462124400 ┬аEthio-American CPD center & Health Consultancy. We Are Committed To Excellence In Medical Trainings  For more info join our telegram channel┬а┬а┬а┬а┬а┬а┬а┬а┬а┬а┬а┬а┬а┬а┬а t.me/eahci,No image,­ЪњЦ­ЪћХ­ЪЉЅ­ЪЊ▒­ЪЊ▒­ЪЊ▒­ЪЊ▒­ЪЊ▒­ЪЊ│­ЪЈЃРЮЌ,No YouTube link
EAHCI,2609,2025-02-01 07:37:50,"#рІерїЇрѕГрІЏрЅх_рѕхрѕЇрїаріЊ_Addis_Ababa  #Circumcision_Skill_Training_@ADISSABABA (Adult & Neonates with Ring ) ┬арЅарЅђрѕѕрЅарЅхріЊ рІФрѕѕрЅђрѕѕрЅарЅх РъЦ┬а ┬аріе рІеріФрЅ▓рЅх 2 рїђрѕЮрѕ« рІГрѕ░рїБрѕЇрЇб (15CEU CPD & Skill)  ріарІўрїІрїЁ-Ethio-American┬а Health Consultancy & CPD Center. рѕ░рѕЇрїБріърЅй-GP,HO,Nurse,Midwife ┬а 0965412222 Dr shalom   Daye 0941404444 ┬а Ekram(A.A) 0965410000  Selam(A.A) 0968670067 ┬а┬аTinbit(A.A)┬а0942404444 ┬а┬аOffice┬а0941404444 рѕЏрѕхрЅ│рІѕрѕ╗ :-GP,HO,Nurse,Midwif рЅЂрїЦрѕГ 12 рЅЦрЅ╗ рѕўрѕєріЉріЋ ріЦрІерїѕрѕѕрЇЁріЋ рЅђрІхрѕўрІЇ┬а рІерЅ░рѕўрІўрїѕрЅА рЅЦрЅ╗ рІерѕџрѕхрЅ░ріЊрїѕрІ▒ рѕўрѕєріЉріЋ ріЦріЊрѕ│рІЇрЅЃрѕѕріЋрЇб Circumcision is our Patented & Accredited Course ! :-t.me/eahci",No image,­ЪћХ­ЪћХ­ЪћХ­ЪћХ­ЪћХ­ЪћХ­ЪћХ­ЪћХ­ЪћХ­ЪћХ­ЪЉЅ­ЪЉЅ­ЪЊъ­ЪЊъ­ЪЊъ­ЪЊъ­ЪЊъ­ЪЊъ­ЪЉЅ­ЪЉЅ,No YouTube link
EAHCI,2608,2025-02-01 07:18:21,#OBGYN_Ultrasound_Training@Hawassa! **#ріљрїѕ**_**рІГрїђрѕЮрѕФрѕЇ****(рїЦрѕГ_25**) --------------------------------------------- ріарІўрїІрїЁ-Ethio-American CPD center in collaboration with selected hospitals . Place of Trainings-Selected Hospitals  Call & Register now ┬а┬а №ИЈ0941404444 Daye ┬а ┬а№ИЈ0965412222 Dr.Shalom ┬а┬а №ИЈ0942404444 Tenbit ┬а┬а №ИЈ0968670067┬а Selam ┬а┬а №ИЈ0965410000┬а Ekram(A.A) ┬а #N.B_We only have a few spots left!! #OB_Ultrasound_Is_Our_Accredited_Course  For more info .follow us on telegram :- t.me/eahci,No image,Рюћ­ЪњЦРўјРўјРўјРўјРўј­ЪЈЃ,No YouTube link
EAHCI,2607,2025-01-31 13:45:58,#**Adult_ECHO_Training****@****#ADISS_ABABA_By_Cardiologist_for_Physicians****  ** We_have_Only_few_trainee_Position Lecture will start on February 3 рїЦрѕГ 26 рІГрїђрѕЮрѕФрѕЇ! #Hands_on training ! #Register_Soon_And_Get_Certified !! 0965412222 Dr.Shalom 0941404444 #Hosted_By: Ethio-American Medical Training Center T.me/eahci,No image,­ЪЉЅ­ЪЉЅ­ЪЊъ­ЪЊъ,No YouTube link
EAHCI,2606,2025-01-31 12:31:56,#OBGYN_Ultrasound_Training@HOSSANA! #рІеріФрЅ▓рЅх 2 рІГрїђрѕЮрѕФрѕЇ! --------------------------------------------- ріарІўрїІрїЁ-Ethio-American CPD center in collaboration with selected hospitals . Place of Trainings-Selected Hospitals  Call & Register now ┬а┬а №ИЈ0941404444 Daye ┬а ┬а№ИЈ0965412222 Dr.Shalom ┬а┬а №ИЈ0942404444 Tenbit ┬а┬а №ИЈ0968670067┬а Selam ┬а┬а №ИЈ0965410000┬а Ekram(A.A) ┬а #N.B_We only have a few spots left!! #OB_Ultrasound_Is_Our_Accredited_Course  For more info .follow us on telegram :- t.me/eahci,No image,Рюћ­ЪњЦРўјРўјРўјРўјРўј­ЪЈЃ,No YouTube link
EAHCI,2604,2025-01-31 09:01:14,#OBGYN_Ultrasound_Training@ADAMA! #рІеріФрЅ▓рЅх 2 рІГрїђрѕЮрѕФрѕЇ! --------------------------------------------- ріарІўрїІрїЁ-Ethio-American CPD center in collaboration with selected hospitals . Place of Trainings-Selected Hospitals  Call & Register now ┬а┬а №ИЈ0941404444 Daye ┬а ┬а№ИЈ0965412222 Dr.Shalom ┬а┬а №ИЈ0942404444 Tenbit ┬а┬а №ИЈ0968670067┬а Selam ┬а┬а №ИЈ0965410000┬а Ekram(A.A) ┬а #N.B_We only have a few spots left!! #OB_Ultrasound_Is_Our_Accredited_Course  For more info .follow us on telegram :- t.me/eahci,No image,Рюћ­ЪњЦРўјРўјРўјРўјРўј­ЪЈЃ,No YouTube link
EAHCI,2603,2025-01-30 12:42:18,"#**рІерїЇрѕГрІЏрЅх_рѕхрѕЇрїаріЊ_рІѕрѕІрІГрЅ│_рѕХрІХ**** ****#Circumcision_Skill_Training_@WOLAYITA_SODO** (Adult & Neonates with Ring ) ┬арЅарЅђрѕѕрЅарЅхріЊ рІФрѕѕрЅђрѕѕрЅарЅх РъЦ┬а **┬аріе рІеріФрЅ▓рЅх 2 рїђрѕЮрѕ« рІГрѕ░рїБрѕЇрЇб** (15CEU CPD & Skill)  рІерїЇрѕГрІЏрЅх ріГрѕЁрѕјрЅх рѕхрѕЇрїаріЊ (рЅарЅђрѕѕрЅарЅхріЊ рІФрѕѕрЅђрѕѕрЅарЅх - Ring /Without Ring-cut ) рѕхрѕЇрїаріЊ  ріарІўрїІрїЁ-Ethio-American┬а Health Consultancy & CPD Center. рѕ░рѕЇрїБріърЅй-GP,HO,Nurse,Midwife ┬а 0965412222 Dr shalom   Daye 0941404444 ┬а Ekram 0965410000  Selam(A.A) 0968670067 ┬а┬аTinbit(A.A)┬а0942404444 ┬а┬аOffice┬а0941404444 рѕЏрѕхрЅ│рІѕрѕ╗ :-GP,HO,Nurse,Midwif рЅЂрїЦрѕГ 12 рЅЦрЅ╗ рѕўрѕєріЉріЋ ріЦрІерїѕрѕѕрЇЁріЋ рЅђрІхрѕўрІЇ┬а рІерЅ░рѕўрІўрїѕрЅА рЅЦрЅ╗ рІерѕџрѕхрЅ░ріЊрїѕрІ▒ рѕўрѕєріЉріЋ ріЦріЊрѕ│рІЇрЅЃрѕѕріЋрЇб Circumcision is our Patented & Accredited Course ! :-t.me/eahci",No image,­ЪћХ­ЪћХ­ЪћХ­ЪћХ­ЪћХ­ЪћХ­ЪћХ­ЪћХ­ЪћХ­ЪћХ­ЪЉЅ­ЪЉЅ­ЪЉЅ­ЪЊъ­ЪЊъ­ЪЊъ­ЪЊъ­ЪЊъ­ЪЊъ­ЪЉЅ­ЪЉЅ,No YouTube link
EAHCI,2602,2025-01-30 12:17:14,#**ENGLISH_LANGUAGE_TRAINING** Grammar Vocabulary  Pronunciation   Strarting from #March_3_рІеріФрЅ▓рЅх_24 рІГрїђрѕЮрѕФрѕЇ! #**HAWASSA** Contact us and register now! 0965412222 0941404444 **ETHIO-AMERICAN TRAINING CENTER!**,No image,­ЪЉЅ­ЪЉЅ­ЪЉЅ­ЪЊї­ЪЊъ­ЪЊъ,No YouTube link
EAHCI,2600,2025-01-29 17:00:02,"#рІерїЇрѕГрІЏрЅх_рѕхрѕЇрїаріЊ_Addis_Ababa  #Circumcision_Skill_Training_@ADISSABABA (Adult & Neonates with Ring ) ┬арЅарЅђрѕѕрЅарЅхріЊ рІФрѕѕрЅђрѕѕрЅарЅх РъЦ┬а ┬аріе рїЦрѕГ 25 рїђрѕЮрѕ« рІГрѕ░рїБрѕЇрЇб (15CEU CPD & Skill)  ріарІўрїІрїЁ-Ethio-American┬а Health Consultancy & CPD Center. рѕ░рѕЇрїБріърЅй-GP,HO,Nurse,Midwife ┬а 0965412222 Dr shalom   Daye 0941404444 ┬а Ekram(A.A) 0965410000  Selam(A.A) 0968670067 ┬а┬аTinbit(A.A)┬а0942404444 ┬а┬аOffice┬а0941404444 рѕЏрѕхрЅ│рІѕрѕ╗ :-GP,HO,Nurse,Midwif рЅЂрїЦрѕГ 12 рЅЦрЅ╗ рѕўрѕєріЉріЋ ріЦрІерїѕрѕѕрЇЁріЋ рЅђрІхрѕўрІЇ┬а рІерЅ░рѕўрІўрїѕрЅА рЅЦрЅ╗ рІерѕџрѕхрЅ░ріЊрїѕрІ▒ рѕўрѕєріЉріЋ ріЦріЊрѕ│рІЇрЅЃрѕѕріЋрЇб Circumcision is our Patented & Accredited Course ! :-t.me/eahci",No image,­ЪћХ­ЪћХ­ЪћХ­ЪћХ­ЪћХ­ЪћХ­ЪћХ­ЪћХ­ЪћХ­ЪћХ­ЪЉЅ­ЪЉЅ­ЪЊъ­ЪЊъ­ЪЊъ­ЪЊъ­ЪЊъ­ЪЊъ­ЪЉЅ­ЪЉЅ,No YouTube link
